"Births per 1,000 Population"
Population Reference Bureau prb.org
Sources: 2019 World Population Data Sheet

FIPS,Name,Type,TimeFrame,Data
WORLD,WORLD,World,2019,19
AFRICA,AFRICA,Sub-Region,2019,34
NORTHERN AFRICA,NORTHERN AFRICA,Sub-Region,2019,25
DZ,Algeria,Country,2019,25
EG,Egypt,Country,2019,25
LY,Libya,Country,2019,19
MA,Morocco,Country,2019,17
SD,Sudan,Country,2019,33
TN,Tunisia,Country,2019,17
EH,Western Sahara,Country,2019,20
WESTERN AFRICA,WESTERN AFRICA,Sub-Region,2019,38
BJ,Benin,Country,2019,42
BF,Burkina Faso,Country,2019,38
CV,Cape Verde,Country,2019,20
CI,Cote d'Ivoire,Country,2019,35
GM,Gambia,Country,2019,39
GH,Ghana,Country,2019,30
GN,Guinea,Country,2019,39
GW,Guinea-Bissau,Country,2019,37
LR,Liberia,Country,2019,32
ML,Mali,Country,2019,46
MR,Mauritania,Country,2019,34
NE,Niger,Country,2019,47
NG,Nigeria,Country,2019,38
SN,Senegal,Country,2019,34
SL,Sierra Leone,Country,2019,32
TG,Togo,Country,2019,34
EASTERN AFRICA,EASTERN AFRICA,Sub-Region,2019,35
BI,Burundi,Country,2019,40
KM,Comoros,Country,2019,32
DJ,Djibouti,Country,2019,22
ER,Eritrea,Country,2019,31
ET,Ethiopia,Country,2019,33
KE,Kenya,Country,2019,29
MG,Madagascar,Country,2019,36
MW,Malawi,Country,2019,35
MU,Mauritius,Country,2019,10
YT,Mayotte,Country,2019,37
MZ,Mozambique,Country,2019,38
RE,Reunion,Country,2019,16
RW,Rwanda,Country,2019,32
SC,Seychelles,Country,2019,17
SO,Somalia,Country,2019,42
SS,South Sudan,Country,2019,35
TZ,Tanzania,Country,2019,37
UG,Uganda,Country,2019,39
ZM,Zambia,Country,2019,37
ZW,Zimbabwe,Country,2019,30
MIDDLE AFRICA,MIDDLE AFRICA,Sub-Region,2019,41
AO,Angola,Country,2019,44
CM,Cameroon,Country,2019,37
CF,Central African Republic,Country,2019,36
TD,Chad,Country,2019,44
CG,Congo,Country,2019,33
CD,"Congo, Dem. Rep.",Country,2019,42
GQ,Equatorial Guinea,Country,2019,34
GA,Gabon,Country,2019,27
ST,Sao Tome and Principe,Country,2019,26
SOUTHERN AFRICA,SOUTHERN AFRICA,Sub-Region,2019,21
BW,Botswana,Country,2019,22
SZ,eSwatini,Country,2019,26
LS,Lesotho,Country,2019,27
NA,Namibia,Country,2019,29
ZA,South Africa,Country,2019,20
NORTHERN AMERICA,NORTHERN AMERICA,Sub-Region,2019,11
CA,Canada,Country,2019,10
US,United States,Country,2019,12
LATIN AMERICA AND THE CARIBBEAN,LATIN AMERICA AND THE CARIBBEAN,Sub-Region,2019,17
CENTRAL AMERICA,CENTRAL AMERICA,Sub-Region,2019,18
BZ,Belize,Country,2019,21
CR,Costa Rica,Country,2019,14
SV,El Salvador,Country,2019,20
GT,Guatemala,Country,2019,23
HN,Honduras,Country,2019,22
MX,Mexico,Country,2019,17
NI,Nicaragua,Country,2019,21
PA,Panama,Country,2019,19
CARIBBEAN,CARIBBEAN,Sub-Region,2019,17
AG,Antigua and Barbuda,Country,2019,12
BS,Bahamas,Country,2019,14
BB,Barbados,Country,2019,11
CU,Cuba,Country,2019,10
CW,Curacao,Country,2019,11
DM,Dominica,Country,2019,12
DO,Dominican Republic,Country,2019,19
GD,Grenada,Country,2019,17
GP,Guadeloupe,Country,2019,11
HT,Haiti,Country,2019,25
JM,Jamaica,Country,2019,17
MQ,Martinique,Country,2019,10
PR,Puerto Rico,Country,2019,7
KN,St. Kitts-Nevis,Country,2019,14
LC,Saint Lucia,Country,2019,12
VC,St. Vincent and the Grenadines,Country,2019,14
TT,Trinidad and Tobago,Country,2019,13
SOUTH AMERICA,SOUTH AMERICA,Sub-Region,2019,16
AR,Argentina,Country,2019,17
BO,Bolivia,Country,2019,22
BR,Brazil,Country,2019,14
CL,Chile,Country,2019,12
CO,Colombia,Country,2019,16
EC,Ecuador,Country,2019,20
GF,French Guiana,Country,2019,26
GY,Guyana,Country,2019,20
PY,Paraguay,Country,2019,21
PE,Peru,Country,2019,18
SR,Suriname,Country,2019,17
UY,Uruguay,Country,2019,13
VE,Venezuela,Country,2019,18
ASIA,ASIA,Sub-Region,2019,17
WESTERN ASIA,WESTERN ASIA,Sub-Region,2019,20
AM,Armenia,Country,2019,12
AZ,Azerbaijan,Country,2019,14
BH,Bahrain,Country,2019,14
CY,Cyprus,Country,2019,11
GE,Georgia,Country,2019,14
IQ,Iraq,Country,2019,29
IL,Israel,Country,2019,21
JO,Jordan,Country,2019,22
KW,Kuwait,Country,2019,15
LB,Lebanon,Country,2019,17
OM,Oman,Country,2019,20
PS,Palestinian Territory,Country,2019,30
QA,Qatar,Country,2019,10
SA,Saudi Arabia,Country,2019,16
SY,Syria,Country,2019,24
TR,Turkey,Country,2019,15
AE,United Arab Emirates,Country,2019,11
YE,Yemen,Country,2019,31
CENTRAL ASIA,CENTRAL ASIA,Sub-Region,2019,23
KZ,Kazakhstan,Country,2019,23
KG,Kyrgyzstan,Country,2019,25
TJ,Tajikistan,Country,2019,25
TM,Turkmenistan,Country,2019,24
UZ,Uzbekistan,Country,2019,22
SOUTH ASIA,SOUTH ASIA,Sub-Region,2019,21
AF,Afghanistan,Country,2019,33
BD,Bangladesh,Country,2019,18
BT,Bhutan,Country,2019,16
IN,India,Country,2019,20
IR,Iran,Country,2019,19
MV,Maldives,Country,2019,18
NP,Nepal,Country,2019,20
PK,Pakistan,Country,2019,29
LK,Sri Lanka,Country,2019,15
SOUTHEAST ASIA,SOUTHEAST ASIA,Sub-Region,2019,17
BN,Brunei,Country,2019,15
KH,Cambodia,Country,2019,23
ID,Indonesia,Country,2019,18
LA,Laos,Country,2019,24
MY,Malaysia,Country,2019,16
MM,Myanmar,Country,2019,18
PH,Philippines,Country,2019,21
SG,Singapore,Country,2019,9
TH,Thailand,Country,2019,11
TL,Timor-Leste,Country,2019,30
VN,Vietnam,Country,2019,15
EAST ASIA,EAST ASIA,Sub-Region,2019,11
CN,China,Country,2019,11
HK,"China, Hong Kong SAR",Country,2019,7
MO,"China, Macao SAR",Country,2019,9
JP,Japan,Country,2019,7
KP,"Korea, North",Country,2019,14
KR,"Korea, South",Country,2019,6
MN,Mongolia,Country,2019,25
TW,Taiwan,Country,2019,8
EUROPE,EUROPE,Sub-Region,2019,10
NORTHERN EUROPE,NORTHERN EUROPE,Sub-Region,2019,11
Channel Islands,Channel Islands,Sub-Region,2019,9
DK,Denmark,Country,2019,11
EE,Estonia,Country,2019,11
FI,Finland,Country,2019,9
IS,Iceland,Country,2019,12
IE,Ireland,Country,2019,13
LV,Latvia,Country,2019,10
LT,Lithuania,Country,2019,10
NO,Norway,Country,2019,10
SE,Sweden,Country,2019,11
GB,United Kingdom,Country,2019,11
WESTERN EUROPE,WESTERN EUROPE,Sub-Region,2019,10
AT,Austria,Country,2019,10
BE,Belgium,Country,2019,10
FR,France,Country,2019,11
DE,Germany,Country,2019,10
LI,Liechtenstein,Country,2019,9
LU,Luxembourg,Country,2019,10
MC,Monaco,Country,2019,6
NL,Netherlands,Country,2019,10
CH,Switzerland,Country,2019,10
EASTERN EUROPE,EASTERN EUROPE,Sub-Region,2019,10
BY,Belarus,Country,2019,10
BG,Bulgaria,Country,2019,9
CZ,Czechia,Country,2019,11
HU,Hungary,Country,2019,9
MD,Moldova,Country,2019,10
PL,Poland,Country,2019,10
RO,Romania,Country,2019,9
RU,Russia,Country,2019,11
SK,Slovakia,Country,2019,11
UA,Ukraine,Country,2019,8
SOUTHERN EUROPE,SOUTHERN EUROPE,Sub-Region,2019,8
AL,Albania,Country,2019,10
AD,Andorra,Country,2019,7
BA,Bosnia-Herzegovina,Country,2019,9
HR,Croatia,Country,2019,9
GR,Greece,Country,2019,8
IT,Italy,Country,2019,7
KV,Kosovo,Country,2019,13
MT,Malta,Country,2019,9
ME,Montenegro,Country,2019,12
MK,North Macedonia,Country,2019,10
PT,Portugal,Country,2019,9
SM,San Marino,Country,2019,7
RS,Serbia,Country,2019,9
SI,Slovenia,Country,2019,10
ES,Spain,Country,2019,8
OCEANIA,OCEANIA,Sub-Region,2019,17
AU,Australia,Country,2019,13
FM,Federated States of Micronesia,Country,2019,24
FJ,Fiji,Country,2019,18
PF,French Polynesia,Country,2019,15
GU,Guam,Country,2019,18
KI,Kiribati,Country,2019,28
MH,Marshall Islands,Country,2019,25
NR,Nauru,Country,2019,29
NC,New Caledonia,Country,2019,17
NZ,New Zealand,Country,2019,12
PW,Palau,Country,2019,14
PG,Papua New Guinea,Country,2019,33
WS,Samoa,Country,2019,27
SB,Solomon Islands,Country,2019,30
TO,Tonga,Country,2019,24
TV,Tuvalu,Country,2019,25
VU,Vanuatu,Country,2019,29
